
IF OBJECT_ID('MOVIESCHARACTERSconnector', 'U') IS NOT NULL
BEGIN
	IF EXISTS (SELECT * FROM sys.foreign_keys where object_id = OBJECT_ID(N'dbo.MOVIES_CONNECTOR_FOREIGN_KEY'))
	ALTER TABLE MOVIESCHARACTERSconnector DROP CONSTRAINT [MOVIES_CONNECTOR_FOREIGN_KEY];

	IF EXISTS (SELECT * FROM sys.foreign_keys where object_id = OBJECT_ID(N'dbo.CHARACTERS_CONNECTOR_FOREIGN_KEY'))
	ALTER TABLE MOVIESCHARACTERSconnector DROP CONSTRAINT [CHARACTERS_CONNECTOR_FOREIGN_KEY];

	DROP TABLE MOVIESCHARACTERSconnector;
END

IF OBJECT_ID('MOVIES', 'U') IS NOT NULL
BEGIN
	IF EXISTS (SELECT * FROM sys.foreign_keys where object_id = OBJECT_ID(N'dbo.MOVIES_FOREIGN_KEY'))
	ALTER TABLE MOVIES DROP CONSTRAINT [MOVIES_FOREIGN_KEY];

	DROP TABLE MOVIES;	
END

IF OBJECT_ID('CHARACTERS', 'U') IS NOT NULL DROP TABLE CHARACTERS;
IF OBJECT_ID('COLLECTIONS', 'U') IS NOT NULL DROP TABLE COLLECTIONS;

CREATE TABLE COLLECTIONS 
    (COLLID              	NUMERIC(2) IDENTITY(1,1) NOT NULL,
     TITLE               	VARCHAR(30),
     CREATOR               	VARCHAR(20),
	 FIRST_APPEARANCE_YEAR	NUMERIC(4),
	 MOVIE_RELEASE_YEAR		NUMERIC(4),
	 MOVIES_COUNT			NUMERIC(1),	
  CONSTRAINT COLLECTIONS_PRIMARY_KEY PRIMARY KEY (COLLID));

SET IDENTITY_INSERT COLLECTIONS ON;

INSERT INTO COLLECTIONS (COLLID, TITLE, CREATOR, FIRST_APPEARANCE_YEAR, MOVIE_RELEASE_YEAR, MOVIES_COUNT) VALUES (1,'IRON MAN','Stan Lee',1963,2008,3);
INSERT INTO COLLECTIONS (COLLID, TITLE, CREATOR, FIRST_APPEARANCE_YEAR, MOVIE_RELEASE_YEAR, MOVIES_COUNT) VALUES (2,'HULK','Stan Lee',1962,2008,1);
INSERT INTO COLLECTIONS (COLLID, TITLE, CREATOR, FIRST_APPEARANCE_YEAR, MOVIE_RELEASE_YEAR, MOVIES_COUNT) VALUES (3,'THOR','Stan Lee',1962,2011,3);
INSERT INTO COLLECTIONS (COLLID, TITLE, CREATOR, FIRST_APPEARANCE_YEAR, MOVIE_RELEASE_YEAR, MOVIES_COUNT) VALUES (4,'CAPTAIN AMERICA','Joe Simon',1941,2011,3);
INSERT INTO COLLECTIONS (COLLID, TITLE, CREATOR, FIRST_APPEARANCE_YEAR, MOVIE_RELEASE_YEAR, MOVIES_COUNT) VALUES (5,'AVENGERS','Stan Lee',1963,2012,3);
INSERT INTO COLLECTIONS (COLLID, TITLE, CREATOR, FIRST_APPEARANCE_YEAR, MOVIE_RELEASE_YEAR, MOVIES_COUNT) VALUES (6,'GUARDIANS OF THE GALAXY','Stan Lee',1969,2014,2);
INSERT INTO COLLECTIONS (COLLID, TITLE, CREATOR, FIRST_APPEARANCE_YEAR, MOVIE_RELEASE_YEAR, MOVIES_COUNT) VALUES (7,'ANT-MAN','Stan Lee',1962,2015,2);
INSERT INTO COLLECTIONS (COLLID, TITLE, CREATOR, FIRST_APPEARANCE_YEAR, MOVIE_RELEASE_YEAR, MOVIES_COUNT) VALUES (8,'DOCTOR STRANGE','Stan Lee',1963,2016,1);
INSERT INTO COLLECTIONS (COLLID, TITLE, CREATOR, FIRST_APPEARANCE_YEAR, MOVIE_RELEASE_YEAR, MOVIES_COUNT) VALUES (9,'SPIDER-MAN','Stan Lee',1962,2017,1);
INSERT INTO COLLECTIONS (COLLID, TITLE, CREATOR, FIRST_APPEARANCE_YEAR, MOVIE_RELEASE_YEAR, MOVIES_COUNT) VALUES (10,'BLACK PANTHER','Stan Lee',1966,2018,1);
INSERT INTO COLLECTIONS (COLLID, TITLE, CREATOR, FIRST_APPEARANCE_YEAR, MOVIE_RELEASE_YEAR, MOVIES_COUNT) VALUES (11,'CAPTAIN MARVEL','Stan Lee',1963,2019,1);

SET IDENTITY_INSERT COLLECTIONS OFF;

CREATE TABLE MOVIES 
    (MOVID               	NUMERIC(2) IDENTITY(1,1) NOT NULL,
	 CRONOLOGICAL_ORDER		NUMERIC(2),
     MOVIE_NAME		        VARCHAR(30),
     TITLE		            VARCHAR(40),
     RELEASE_YEAR           NUMERIC(4),
     RUNTIME		        NUMERIC(3),
     TOMATOMETER			NUMERIC(3),
	 AUDIENCE_SCORE			NUMERIC(3),
     COLLID              	NUMERIC(2) NOT NULL,
  CONSTRAINT MOVIES_FOREIGN_KEY FOREIGN KEY (COLLID) REFERENCES COLLECTIONS (COLLID),
  CONSTRAINT MOVIES_PRIMARY_KEY PRIMARY KEY (MOVID));
  
  SET IDENTITY_INSERT MOVIES ON;  

INSERT INTO MOVIES (MOVID, CRONOLOGICAL_ORDER, MOVIE_NAME, TITLE, RELEASE_YEAR, RUNTIME, TOMATOMETER, AUDIENCE_SCORE, COLLID) VALUES (1,3,'Iron Man 1','Iron Man 1',2008,121,93,91,1);
INSERT INTO MOVIES (MOVID, CRONOLOGICAL_ORDER, MOVIE_NAME, TITLE, RELEASE_YEAR, RUNTIME, TOMATOMETER, AUDIENCE_SCORE, COLLID) VALUES (2,4,'Iron Man 2','Iron Man 2',2010,124,73,71,1);
INSERT INTO MOVIES (MOVID, CRONOLOGICAL_ORDER, MOVIE_NAME, TITLE, RELEASE_YEAR, RUNTIME, TOMATOMETER, AUDIENCE_SCORE, COLLID) VALUES (3,8,'Iron Man 3','Iron Man 3',2013,109,80,78,1);
INSERT INTO MOVIES (MOVID, CRONOLOGICAL_ORDER, MOVIE_NAME, TITLE, RELEASE_YEAR, RUNTIME, TOMATOMETER, AUDIENCE_SCORE, COLLID) VALUES (4,5,'Hulk 1','The Incredible Hulk',2008,109,67,70,2);
INSERT INTO MOVIES (MOVID, CRONOLOGICAL_ORDER, MOVIE_NAME, TITLE, RELEASE_YEAR, RUNTIME, TOMATOMETER, AUDIENCE_SCORE, COLLID) VALUES (5,6,'Thor 1','Thor',2011,115,77,76,3);
INSERT INTO MOVIES (MOVID, CRONOLOGICAL_ORDER, MOVIE_NAME, TITLE, RELEASE_YEAR, RUNTIME, TOMATOMETER, AUDIENCE_SCORE, COLLID) VALUES (6,9,'Thor 2','Thor: The Dark World',2013,112,67,76,3);
INSERT INTO MOVIES (MOVID, CRONOLOGICAL_ORDER, MOVIE_NAME, TITLE, RELEASE_YEAR, RUNTIME, TOMATOMETER, AUDIENCE_SCORE, COLLID) VALUES (7,19,'Thor 3','Thor: Ragnarok',2017,130,92,87,3);
INSERT INTO MOVIES (MOVID, CRONOLOGICAL_ORDER, MOVIE_NAME, TITLE, RELEASE_YEAR, RUNTIME, TOMATOMETER, AUDIENCE_SCORE, COLLID) VALUES (8,1,'Captain America 1','Captain America: The First Avenger',2011,124,80,74,4);
INSERT INTO MOVIES (MOVID, CRONOLOGICAL_ORDER, MOVIE_NAME, TITLE, RELEASE_YEAR, RUNTIME, TOMATOMETER, AUDIENCE_SCORE, COLLID) VALUES (9,10,'Captain America 2','Captain America: The Winter Soldier',2014,136,90,92,4);
INSERT INTO MOVIES (MOVID, CRONOLOGICAL_ORDER, MOVIE_NAME, TITLE, RELEASE_YEAR, RUNTIME, TOMATOMETER, AUDIENCE_SCORE, COLLID) VALUES (10,15,'Captain America 3','Captain America: Civil War',2016,146,91,89,4);
INSERT INTO MOVIES (MOVID, CRONOLOGICAL_ORDER, MOVIE_NAME, TITLE, RELEASE_YEAR, RUNTIME, TOMATOMETER, AUDIENCE_SCORE, COLLID) VALUES (11,7,'Avengers 1','Marvels The Avengers',2012,142,92,91,5);
INSERT INTO MOVIES (MOVID, CRONOLOGICAL_ORDER, MOVIE_NAME, TITLE, RELEASE_YEAR, RUNTIME, TOMATOMETER, AUDIENCE_SCORE, COLLID) VALUES (12,13,'Avengers 2','Avengers: Age of Ultron',2015,141,75,83,5);
INSERT INTO MOVIES (MOVID, CRONOLOGICAL_ORDER, MOVIE_NAME, TITLE, RELEASE_YEAR, RUNTIME, TOMATOMETER, AUDIENCE_SCORE, COLLID) VALUES (13,21,'Avengers 3','Avengers: Infinity War',2018,156,85,91,5);
INSERT INTO MOVIES (MOVID, CRONOLOGICAL_ORDER, MOVIE_NAME, TITLE, RELEASE_YEAR, RUNTIME, TOMATOMETER, AUDIENCE_SCORE, COLLID) VALUES (14,22,'Avengers 4','Avengers: Endgame',2019,182,100,100,5);
INSERT INTO MOVIES (MOVID, CRONOLOGICAL_ORDER, MOVIE_NAME, TITLE, RELEASE_YEAR, RUNTIME, TOMATOMETER, AUDIENCE_SCORE, COLLID) VALUES (15,11,'Guardians of the Galaxy 1','Guardians of the Galaxy',2014,121,91,92,6);
INSERT INTO MOVIES (MOVID, CRONOLOGICAL_ORDER, MOVIE_NAME, TITLE, RELEASE_YEAR, RUNTIME, TOMATOMETER, AUDIENCE_SCORE, COLLID) VALUES (16,12,'Guardians of the Galaxy 2','Guardians of the Galaxy Vol.2',2017,137,84,87,6);
INSERT INTO MOVIES (MOVID, CRONOLOGICAL_ORDER, MOVIE_NAME, TITLE, RELEASE_YEAR, RUNTIME, TOMATOMETER, AUDIENCE_SCORE, COLLID) VALUES (17,14,'Ant-Man 1','Ant-Man',2015,137,82,86,7);
INSERT INTO MOVIES (MOVID, CRONOLOGICAL_ORDER, MOVIE_NAME, TITLE, RELEASE_YEAR, RUNTIME, TOMATOMETER, AUDIENCE_SCORE, COLLID) VALUES (18,20,'Ant-Man 2','Ant-Man and the Wasp',2018,118,88,77,7);
INSERT INTO MOVIES (MOVID, CRONOLOGICAL_ORDER, MOVIE_NAME, TITLE, RELEASE_YEAR, RUNTIME, TOMATOMETER, AUDIENCE_SCORE, COLLID) VALUES (19,16,'Doctor Strange 1','Doctor Strange',2016,130,89,86,8);
INSERT INTO MOVIES (MOVID, CRONOLOGICAL_ORDER, MOVIE_NAME, TITLE, RELEASE_YEAR, RUNTIME, TOMATOMETER, AUDIENCE_SCORE, COLLID) VALUES (20,18,'Spider-Man 1','Spider-Man: Homecoming',2017,133,92,88,9);
INSERT INTO MOVIES (MOVID, CRONOLOGICAL_ORDER, MOVIE_NAME, TITLE, RELEASE_YEAR, RUNTIME, TOMATOMETER, AUDIENCE_SCORE, COLLID) VALUES (21,17,'Black Panther 1','Black Panther',2018,135,97,79,10);
INSERT INTO MOVIES (MOVID, CRONOLOGICAL_ORDER, MOVIE_NAME, TITLE, RELEASE_YEAR, RUNTIME, TOMATOMETER, AUDIENCE_SCORE, COLLID) VALUES (22,2,'Captain Marvel 1','Captain Marvel',2019,128,80,59,11);

SET IDENTITY_INSERT MOVIES OFF;

CREATE TABLE CHARACTERS 
    (CHARID              	NUMERIC(2) IDENTITY(1,1) NOT NULL,
     CHAR_NAME              VARCHAR(30),
     NICKNAME               VARCHAR(30),
	 ORIGIN					VARCHAR(30),
	 MOST_SPECIAL_SKILL		VARCHAR(30),
	 GOOD_GUY				BIT,
	 AFTER_IW_STATUS		BIT,
	 AFTER_EG_STATUS		BIT,
  CONSTRAINT CHARACTERS_PRIMARY_KEY PRIMARY KEY (CHARID));
  
SET IDENTITY_INSERT CHARACTERS ON;
  
INSERT INTO CHARACTERS (CHARID, CHAR_NAME, NICKNAME, ORIGIN, MOST_SPECIAL_SKILL, GOOD_GUY, AFTER_IW_STATUS, AFTER_EG_STATUS) VALUES (1,'Tony Stark','Iron Man','Human','armour, IQ',1,1,0);
INSERT INTO CHARACTERS (CHARID, CHAR_NAME, NICKNAME, ORIGIN, MOST_SPECIAL_SKILL, GOOD_GUY, AFTER_IW_STATUS, AFTER_EG_STATUS) VALUES (2,'Carol Danvers','Captain Marvel','Human/Kree','baddest MoFo in the Galaxy',1,1,0);
INSERT INTO CHARACTERS (CHARID, CHAR_NAME, NICKNAME, ORIGIN, MOST_SPECIAL_SKILL, GOOD_GUY, AFTER_IW_STATUS, AFTER_EG_STATUS) VALUES (3,'James Rhodes','War Machine','Human','armour',1,1,0);
INSERT INTO CHARACTERS (CHARID, CHAR_NAME, NICKNAME, ORIGIN, MOST_SPECIAL_SKILL, GOOD_GUY, AFTER_IW_STATUS, AFTER_EG_STATUS) VALUES (4,'Obidiah Stane','','Human','armour',0,null,null);
INSERT INTO CHARACTERS (CHARID, CHAR_NAME, NICKNAME, ORIGIN, MOST_SPECIAL_SKILL, GOOD_GUY, AFTER_IW_STATUS, AFTER_EG_STATUS) VALUES (5,'Ivan Vanko','','Human','armour',0,null,null);
INSERT INTO CHARACTERS (CHARID, CHAR_NAME, NICKNAME, ORIGIN, MOST_SPECIAL_SKILL, GOOD_GUY, AFTER_IW_STATUS, AFTER_EG_STATUS) VALUES (6,'Natalia Romanoff','Black Widow','Human','combat skills',1,1,0);
INSERT INTO CHARACTERS (CHARID, CHAR_NAME, NICKNAME, ORIGIN, MOST_SPECIAL_SKILL, GOOD_GUY, AFTER_IW_STATUS, AFTER_EG_STATUS) VALUES (7,'Nick Fury','','Human','SHIELD',1,0,0);
INSERT INTO CHARACTERS (CHARID, CHAR_NAME, NICKNAME, ORIGIN, MOST_SPECIAL_SKILL, GOOD_GUY, AFTER_IW_STATUS, AFTER_EG_STATUS) VALUES (8,'Aldrich Killian','','Human','IQ',0,null,null);
INSERT INTO CHARACTERS (CHARID, CHAR_NAME, NICKNAME, ORIGIN, MOST_SPECIAL_SKILL, GOOD_GUY, AFTER_IW_STATUS, AFTER_EG_STATUS) VALUES (9,'Bruce Banner','Hulk','Human','Hulk',1,1,0);
INSERT INTO CHARACTERS (CHARID, CHAR_NAME, NICKNAME, ORIGIN, MOST_SPECIAL_SKILL, GOOD_GUY, AFTER_IW_STATUS, AFTER_EG_STATUS) VALUES (10,'Thaddeus Ross','General Ross','Human','ARMY',0,null,null);
INSERT INTO CHARACTERS (CHARID, CHAR_NAME, NICKNAME, ORIGIN, MOST_SPECIAL_SKILL, GOOD_GUY, AFTER_IW_STATUS, AFTER_EG_STATUS) VALUES (11,'Thor Odinson','Thor','Asgard','God',1,1,0);
INSERT INTO CHARACTERS (CHARID, CHAR_NAME, NICKNAME, ORIGIN, MOST_SPECIAL_SKILL, GOOD_GUY, AFTER_IW_STATUS, AFTER_EG_STATUS) VALUES (12,'Odin Borson','Odin','Asgard','God',1,0,0);
INSERT INTO CHARACTERS (CHARID, CHAR_NAME, NICKNAME, ORIGIN, MOST_SPECIAL_SKILL, GOOD_GUY, AFTER_IW_STATUS, AFTER_EG_STATUS) VALUES (13,'Loki Odinson','Loki','Jötunn','God',1,0,0);
INSERT INTO CHARACTERS (CHARID, CHAR_NAME, NICKNAME, ORIGIN, MOST_SPECIAL_SKILL, GOOD_GUY, AFTER_IW_STATUS, AFTER_EG_STATUS) VALUES (14,'Malekith the Accursed','Malekith','Dark Elf','STONE',0,null,null);
INSERT INTO CHARACTERS (CHARID, CHAR_NAME, NICKNAME, ORIGIN, MOST_SPECIAL_SKILL, GOOD_GUY, AFTER_IW_STATUS, AFTER_EG_STATUS) VALUES (15,'Hela','','Asgard','God',0,0,0);
INSERT INTO CHARACTERS (CHARID, CHAR_NAME, NICKNAME, ORIGIN, MOST_SPECIAL_SKILL, GOOD_GUY, AFTER_IW_STATUS, AFTER_EG_STATUS) VALUES (16,'Steve Rodgers','Captain America','Human','Superhuman strength',1,1,0);
INSERT INTO CHARACTERS (CHARID, CHAR_NAME, NICKNAME, ORIGIN, MOST_SPECIAL_SKILL, GOOD_GUY, AFTER_IW_STATUS, AFTER_EG_STATUS) VALUES (17,'Johann Schmidt','Red Skull','Human','STONE',0,1,0);
INSERT INTO CHARACTERS (CHARID, CHAR_NAME, NICKNAME, ORIGIN, MOST_SPECIAL_SKILL, GOOD_GUY, AFTER_IW_STATUS, AFTER_EG_STATUS) VALUES (18,'Bucky Barnes','Winter Soldier','Human','metal arm',1,0,0);
INSERT INTO CHARACTERS (CHARID, CHAR_NAME, NICKNAME, ORIGIN, MOST_SPECIAL_SKILL, GOOD_GUY, AFTER_IW_STATUS, AFTER_EG_STATUS) VALUES (19,'Armin Zola','','Human','IQ',0,null,null);
INSERT INTO CHARACTERS (CHARID, CHAR_NAME, NICKNAME, ORIGIN, MOST_SPECIAL_SKILL, GOOD_GUY, AFTER_IW_STATUS, AFTER_EG_STATUS) VALUES (20,'Helmut Zemo','Baron Zemo','Human','army trained',0,null,null);
INSERT INTO CHARACTERS (CHARID, CHAR_NAME, NICKNAME, ORIGIN, MOST_SPECIAL_SKILL, GOOD_GUY, AFTER_IW_STATUS, AFTER_EG_STATUS) VALUES (21,'Ultron','','Tony Starks workshop','internet',0,0,0);
INSERT INTO CHARACTERS (CHARID, CHAR_NAME, NICKNAME, ORIGIN, MOST_SPECIAL_SKILL, GOOD_GUY, AFTER_IW_STATUS, AFTER_EG_STATUS) VALUES (22,'Thanos','The Mad Titan','Titan','STONES, strength',0,1,0);
INSERT INTO CHARACTERS (CHARID, CHAR_NAME, NICKNAME, ORIGIN, MOST_SPECIAL_SKILL, GOOD_GUY, AFTER_IW_STATUS, AFTER_EG_STATUS) VALUES (23,'Peter Quill','Star Lord','Human/Spartoi','combat skills',1,0,0);
INSERT INTO CHARACTERS (CHARID, CHAR_NAME, NICKNAME, ORIGIN, MOST_SPECIAL_SKILL, GOOD_GUY, AFTER_IW_STATUS, AFTER_EG_STATUS) VALUES (24,'Gamora','','	Zen-Whoberis','combat skills',1,0,0);
INSERT INTO CHARACTERS (CHARID, CHAR_NAME, NICKNAME, ORIGIN, MOST_SPECIAL_SKILL, GOOD_GUY, AFTER_IW_STATUS, AFTER_EG_STATUS) VALUES (25,'Arthur Douglas','Drax the Destroyer','Human','Superhuman strength',1,0,0);
INSERT INTO CHARACTERS (CHARID, CHAR_NAME, NICKNAME, ORIGIN, MOST_SPECIAL_SKILL, GOOD_GUY, AFTER_IW_STATUS, AFTER_EG_STATUS) VALUES (26,'Groot','','Flora Colossus','Superhuman strength',1,0,0);
INSERT INTO CHARACTERS (CHARID, CHAR_NAME, NICKNAME, ORIGIN, MOST_SPECIAL_SKILL, GOOD_GUY, AFTER_IW_STATUS, AFTER_EG_STATUS) VALUES (27,'Rocket Racoon','Rabit','Halfworld','IQ',1,1,0);
INSERT INTO CHARACTERS (CHARID, CHAR_NAME, NICKNAME, ORIGIN, MOST_SPECIAL_SKILL, GOOD_GUY, AFTER_IW_STATUS, AFTER_EG_STATUS) VALUES (28,'Ronan the Accuser','','Kree','Superhuman strength',0,0,0);
INSERT INTO CHARACTERS (CHARID, CHAR_NAME, NICKNAME, ORIGIN, MOST_SPECIAL_SKILL, GOOD_GUY, AFTER_IW_STATUS, AFTER_EG_STATUS) VALUES (29,'Ego','Ego the Living Planet','Sentient Planet','He is a planet...',0,0,0);
INSERT INTO CHARACTERS (CHARID, CHAR_NAME, NICKNAME, ORIGIN, MOST_SPECIAL_SKILL, GOOD_GUY, AFTER_IW_STATUS, AFTER_EG_STATUS) VALUES (30,'Scott Lang','Ant-Man','Human','suit',1,1,0);
INSERT INTO CHARACTERS (CHARID, CHAR_NAME, NICKNAME, ORIGIN, MOST_SPECIAL_SKILL, GOOD_GUY, AFTER_IW_STATUS, AFTER_EG_STATUS) VALUES (31,'Sam Wilson','Falcon','Human','wing-suit',1,0,0);
INSERT INTO CHARACTERS (CHARID, CHAR_NAME, NICKNAME, ORIGIN, MOST_SPECIAL_SKILL, GOOD_GUY, AFTER_IW_STATUS, AFTER_EG_STATUS) VALUES (32,'Darren Cross','Yellowjacket','Human','suit',0,0,0);
INSERT INTO CHARACTERS (CHARID, CHAR_NAME, NICKNAME, ORIGIN, MOST_SPECIAL_SKILL, GOOD_GUY, AFTER_IW_STATUS, AFTER_EG_STATUS) VALUES (33,'Hope Van Dyne','Wasp','Human','suit',1,0,0);
INSERT INTO CHARACTERS (CHARID, CHAR_NAME, NICKNAME, ORIGIN, MOST_SPECIAL_SKILL, GOOD_GUY, AFTER_IW_STATUS, AFTER_EG_STATUS) VALUES (34,'Ava','Ghost','Human','quantum something',0,0,0);
INSERT INTO CHARACTERS (CHARID, CHAR_NAME, NICKNAME, ORIGIN, MOST_SPECIAL_SKILL, GOOD_GUY, AFTER_IW_STATUS, AFTER_EG_STATUS) VALUES (35,'Stephen Strange','Doctor Strange','Human','magic',1,0,0);
INSERT INTO CHARACTERS (CHARID, CHAR_NAME, NICKNAME, ORIGIN, MOST_SPECIAL_SKILL, GOOD_GUY, AFTER_IW_STATUS, AFTER_EG_STATUS) VALUES (36,'Kaecilius','','Human','magic',0,0,0);
INSERT INTO CHARACTERS (CHARID, CHAR_NAME, NICKNAME, ORIGIN, MOST_SPECIAL_SKILL, GOOD_GUY, AFTER_IW_STATUS, AFTER_EG_STATUS) VALUES (37,'Peter Parker','Spider-Man','Human','spider stuffs',1,0,0);
INSERT INTO CHARACTERS (CHARID, CHAR_NAME, NICKNAME, ORIGIN, MOST_SPECIAL_SKILL, GOOD_GUY, AFTER_IW_STATUS, AFTER_EG_STATUS) VALUES (38,'Adrian Toomes','Vulture','Human','armour',0,null,null);
INSERT INTO CHARACTERS (CHARID, CHAR_NAME, NICKNAME, ORIGIN, MOST_SPECIAL_SKILL, GOOD_GUY, AFTER_IW_STATUS, AFTER_EG_STATUS) VALUES (39,'TChalla','Black Panther','Human','vibranium stuffs',1,0,0);
INSERT INTO CHARACTERS (CHARID, CHAR_NAME, NICKNAME, ORIGIN, MOST_SPECIAL_SKILL, GOOD_GUY, AFTER_IW_STATUS, AFTER_EG_STATUS) VALUES (40,'Erik Killmonger','Killmonger','Human','vibranium stuffs',0,0,0);
INSERT INTO CHARACTERS (CHARID, CHAR_NAME, NICKNAME, ORIGIN, MOST_SPECIAL_SKILL, GOOD_GUY, AFTER_IW_STATUS, AFTER_EG_STATUS) VALUES (41,'Clint Barton','Hawkeye','Human','marksman',1,1,0);

SET IDENTITY_INSERT CHARACTERS OFF;

CREATE TABLE MOVIESCHARACTERSconnector
	(CONNID					NUMERIC(3) IDENTITY(1,1) NOT NULL,
	 CHARID					NUMERIC(2) NOT NULL,
	 MOVID					NUMERIC(2) NOT NULL,
  CONSTRAINT MOVIES_CONNECTOR_FOREIGN_KEY FOREIGN KEY (MOVID) REFERENCES MOVIES (MOVID),
  CONSTRAINT CHARACTERS_CONNECTOR_FOREIGN_KEY FOREIGN KEY (CHARID) REFERENCES CHARACTERS (CHARID),
  CONSTRAINT MOVIESCHARACTERS_PRIMARY_KEY PRIMARY KEY (CONNID));
  
    
SET IDENTITY_INSERT MOVIESCHARACTERSconnector ON;

INSERT INTO MOVIESCHARACTERSconnector (CONNID, CHARID, MOVID) VALUES (1,1,1);
INSERT INTO MOVIESCHARACTERSconnector (CONNID, CHARID, MOVID) VALUES (2,1,2);
INSERT INTO MOVIESCHARACTERSconnector (CONNID, CHARID, MOVID) VALUES (3,1,3);
INSERT INTO MOVIESCHARACTERSconnector (CONNID, CHARID, MOVID) VALUES (4,1,11);
INSERT INTO MOVIESCHARACTERSconnector (CONNID, CHARID, MOVID) VALUES (5,1,12);
INSERT INTO MOVIESCHARACTERSconnector (CONNID, CHARID, MOVID) VALUES (6,1,13);
INSERT INTO MOVIESCHARACTERSconnector (CONNID, CHARID, MOVID) VALUES (7,1,14);
INSERT INTO MOVIESCHARACTERSconnector (CONNID, CHARID, MOVID) VALUES (8,1,10);
INSERT INTO MOVIESCHARACTERSconnector (CONNID, CHARID, MOVID) VALUES (9,1,20);

INSERT INTO MOVIESCHARACTERSconnector (CONNID, CHARID, MOVID) VALUES (10,2,22);
INSERT INTO MOVIESCHARACTERSconnector (CONNID, CHARID, MOVID) VALUES (11,2,14);

INSERT INTO MOVIESCHARACTERSconnector (CONNID, CHARID, MOVID) VALUES (12,3,1);
INSERT INTO MOVIESCHARACTERSconnector (CONNID, CHARID, MOVID) VALUES (13,3,2);
INSERT INTO MOVIESCHARACTERSconnector (CONNID, CHARID, MOVID) VALUES (14,3,3);
INSERT INTO MOVIESCHARACTERSconnector (CONNID, CHARID, MOVID) VALUES (15,3,12);
INSERT INTO MOVIESCHARACTERSconnector (CONNID, CHARID, MOVID) VALUES (16,3,13);
INSERT INTO MOVIESCHARACTERSconnector (CONNID, CHARID, MOVID) VALUES (17,3,14);
INSERT INTO MOVIESCHARACTERSconnector (CONNID, CHARID, MOVID) VALUES (18,3,10);

INSERT INTO MOVIESCHARACTERSconnector (CONNID, CHARID, MOVID) VALUES (19,4,1);

INSERT INTO MOVIESCHARACTERSconnector (CONNID, CHARID, MOVID) VALUES (20,5,2);

INSERT INTO MOVIESCHARACTERSconnector (CONNID, CHARID, MOVID) VALUES (21,6,2);
INSERT INTO MOVIESCHARACTERSconnector (CONNID, CHARID, MOVID) VALUES (22,6,3);
INSERT INTO MOVIESCHARACTERSconnector (CONNID, CHARID, MOVID) VALUES (23,6,9);
INSERT INTO MOVIESCHARACTERSconnector (CONNID, CHARID, MOVID) VALUES (24,6,10);
INSERT INTO MOVIESCHARACTERSconnector (CONNID, CHARID, MOVID) VALUES (25,6,11);
INSERT INTO MOVIESCHARACTERSconnector (CONNID, CHARID, MOVID) VALUES (26,6,12);
INSERT INTO MOVIESCHARACTERSconnector (CONNID, CHARID, MOVID) VALUES (27,6,13);
INSERT INTO MOVIESCHARACTERSconnector (CONNID, CHARID, MOVID) VALUES (28,6,14);

INSERT INTO MOVIESCHARACTERSconnector (CONNID, CHARID, MOVID) VALUES (29,7,2);
INSERT INTO MOVIESCHARACTERSconnector (CONNID, CHARID, MOVID) VALUES (30,7,8);
INSERT INTO MOVIESCHARACTERSconnector (CONNID, CHARID, MOVID) VALUES (31,7,11);
INSERT INTO MOVIESCHARACTERSconnector (CONNID, CHARID, MOVID) VALUES (32,7,9);
INSERT INTO MOVIESCHARACTERSconnector (CONNID, CHARID, MOVID) VALUES (33,7,12);
INSERT INTO MOVIESCHARACTERSconnector (CONNID, CHARID, MOVID) VALUES (34,7,22);

INSERT INTO MOVIESCHARACTERSconnector (CONNID, CHARID, MOVID) VALUES (35,8,3);

INSERT INTO MOVIESCHARACTERSconnector (CONNID, CHARID, MOVID) VALUES (36,9,4);
INSERT INTO MOVIESCHARACTERSconnector (CONNID, CHARID, MOVID) VALUES (37,9,7);
INSERT INTO MOVIESCHARACTERSconnector (CONNID, CHARID, MOVID) VALUES (38,9,11);
INSERT INTO MOVIESCHARACTERSconnector (CONNID, CHARID, MOVID) VALUES (39,9,12);
INSERT INTO MOVIESCHARACTERSconnector (CONNID, CHARID, MOVID) VALUES (40,9,13);
INSERT INTO MOVIESCHARACTERSconnector (CONNID, CHARID, MOVID) VALUES (41,9,14);

INSERT INTO MOVIESCHARACTERSconnector (CONNID, CHARID, MOVID) VALUES (42,10,6);

INSERT INTO MOVIESCHARACTERSconnector (CONNID, CHARID, MOVID) VALUES (43,11,5);
INSERT INTO MOVIESCHARACTERSconnector (CONNID, CHARID, MOVID) VALUES (44,11,6);
INSERT INTO MOVIESCHARACTERSconnector (CONNID, CHARID, MOVID) VALUES (45,11,7);
INSERT INTO MOVIESCHARACTERSconnector (CONNID, CHARID, MOVID) VALUES (46,11,11);
INSERT INTO MOVIESCHARACTERSconnector (CONNID, CHARID, MOVID) VALUES (47,11,12);
INSERT INTO MOVIESCHARACTERSconnector (CONNID, CHARID, MOVID) VALUES (48,11,13);
INSERT INTO MOVIESCHARACTERSconnector (CONNID, CHARID, MOVID) VALUES (49,11,14);

INSERT INTO MOVIESCHARACTERSconnector (CONNID, CHARID, MOVID) VALUES (50,12,4);
INSERT INTO MOVIESCHARACTERSconnector (CONNID, CHARID, MOVID) VALUES (51,12,6);
INSERT INTO MOVIESCHARACTERSconnector (CONNID, CHARID, MOVID) VALUES (52,12,7);

INSERT INTO MOVIESCHARACTERSconnector (CONNID, CHARID, MOVID) VALUES (53,13,5);
INSERT INTO MOVIESCHARACTERSconnector (CONNID, CHARID, MOVID) VALUES (54,13,6);
INSERT INTO MOVIESCHARACTERSconnector (CONNID, CHARID, MOVID) VALUES (55,13,7);
INSERT INTO MOVIESCHARACTERSconnector (CONNID, CHARID, MOVID) VALUES (56,13,11);
INSERT INTO MOVIESCHARACTERSconnector (CONNID, CHARID, MOVID) VALUES (57,13,13);

INSERT INTO MOVIESCHARACTERSconnector (CONNID, CHARID, MOVID) VALUES (58,14,6);

INSERT INTO MOVIESCHARACTERSconnector (CONNID, CHARID, MOVID) VALUES (59,15,7);

INSERT INTO MOVIESCHARACTERSconnector (CONNID, CHARID, MOVID) VALUES (60,16,8);
INSERT INTO MOVIESCHARACTERSconnector (CONNID, CHARID, MOVID) VALUES (61,16,9);
INSERT INTO MOVIESCHARACTERSconnector (CONNID, CHARID, MOVID) VALUES (62,16,10);
INSERT INTO MOVIESCHARACTERSconnector (CONNID, CHARID, MOVID) VALUES (63,16,11);
INSERT INTO MOVIESCHARACTERSconnector (CONNID, CHARID, MOVID) VALUES (64,16,12);
INSERT INTO MOVIESCHARACTERSconnector (CONNID, CHARID, MOVID) VALUES (65,16,13);
INSERT INTO MOVIESCHARACTERSconnector (CONNID, CHARID, MOVID) VALUES (66,16,14);

INSERT INTO MOVIESCHARACTERSconnector (CONNID, CHARID, MOVID) VALUES (67,17,8);
INSERT INTO MOVIESCHARACTERSconnector (CONNID, CHARID, MOVID) VALUES (68,17,13);

INSERT INTO MOVIESCHARACTERSconnector (CONNID, CHARID, MOVID) VALUES (69,18,8);
INSERT INTO MOVIESCHARACTERSconnector (CONNID, CHARID, MOVID) VALUES (70,18,9);
INSERT INTO MOVIESCHARACTERSconnector (CONNID, CHARID, MOVID) VALUES (71,18,10);
INSERT INTO MOVIESCHARACTERSconnector (CONNID, CHARID, MOVID) VALUES (72,18,13);
INSERT INTO MOVIESCHARACTERSconnector (CONNID, CHARID, MOVID) VALUES (73,18,14);

INSERT INTO MOVIESCHARACTERSconnector (CONNID, CHARID, MOVID) VALUES (74,19,8);
INSERT INTO MOVIESCHARACTERSconnector (CONNID, CHARID, MOVID) VALUES (75,19,9);

INSERT INTO MOVIESCHARACTERSconnector (CONNID, CHARID, MOVID) VALUES (76,20,10);

INSERT INTO MOVIESCHARACTERSconnector (CONNID, CHARID, MOVID) VALUES (77,21,12);

INSERT INTO MOVIESCHARACTERSconnector (CONNID, CHARID, MOVID) VALUES (78,22,13);
INSERT INTO MOVIESCHARACTERSconnector (CONNID, CHARID, MOVID) VALUES (79,22,14);

INSERT INTO MOVIESCHARACTERSconnector (CONNID, CHARID, MOVID) VALUES (80,23,15);
INSERT INTO MOVIESCHARACTERSconnector (CONNID, CHARID, MOVID) VALUES (81,23,16);
INSERT INTO MOVIESCHARACTERSconnector (CONNID, CHARID, MOVID) VALUES (82,23,13);
INSERT INTO MOVIESCHARACTERSconnector (CONNID, CHARID, MOVID) VALUES (83,23,14);

INSERT INTO MOVIESCHARACTERSconnector (CONNID, CHARID, MOVID) VALUES (84,24,15);
INSERT INTO MOVIESCHARACTERSconnector (CONNID, CHARID, MOVID) VALUES (85,24,16);
INSERT INTO MOVIESCHARACTERSconnector (CONNID, CHARID, MOVID) VALUES (86,24,13);

INSERT INTO MOVIESCHARACTERSconnector (CONNID, CHARID, MOVID) VALUES (87,25,15);
INSERT INTO MOVIESCHARACTERSconnector (CONNID, CHARID, MOVID) VALUES (88,25,16);
INSERT INTO MOVIESCHARACTERSconnector (CONNID, CHARID, MOVID) VALUES (89,25,13);
INSERT INTO MOVIESCHARACTERSconnector (CONNID, CHARID, MOVID) VALUES (90,25,14);

INSERT INTO MOVIESCHARACTERSconnector (CONNID, CHARID, MOVID) VALUES (91,26,15);
INSERT INTO MOVIESCHARACTERSconnector (CONNID, CHARID, MOVID) VALUES (92,26,16);
INSERT INTO MOVIESCHARACTERSconnector (CONNID, CHARID, MOVID) VALUES (93,26,13);
INSERT INTO MOVIESCHARACTERSconnector (CONNID, CHARID, MOVID) VALUES (94,26,14);

INSERT INTO MOVIESCHARACTERSconnector (CONNID, CHARID, MOVID) VALUES (95,27,15);
INSERT INTO MOVIESCHARACTERSconnector (CONNID, CHARID, MOVID) VALUES (96,27,16);
INSERT INTO MOVIESCHARACTERSconnector (CONNID, CHARID, MOVID) VALUES (97,27,13);
INSERT INTO MOVIESCHARACTERSconnector (CONNID, CHARID, MOVID) VALUES (98,27,14);

INSERT INTO MOVIESCHARACTERSconnector (CONNID, CHARID, MOVID) VALUES (99,28,22);
INSERT INTO MOVIESCHARACTERSconnector (CONNID, CHARID, MOVID) VALUES (100,28,15);

INSERT INTO MOVIESCHARACTERSconnector (CONNID, CHARID, MOVID) VALUES (101,29,16);

INSERT INTO MOVIESCHARACTERSconnector (CONNID, CHARID, MOVID) VALUES (102,30,17);
INSERT INTO MOVIESCHARACTERSconnector (CONNID, CHARID, MOVID) VALUES (103,30,18);
INSERT INTO MOVIESCHARACTERSconnector (CONNID, CHARID, MOVID) VALUES (104,30,10);
INSERT INTO MOVIESCHARACTERSconnector (CONNID, CHARID, MOVID) VALUES (105,30,14);

INSERT INTO MOVIESCHARACTERSconnector (CONNID, CHARID, MOVID) VALUES (106,31,9);
INSERT INTO MOVIESCHARACTERSconnector (CONNID, CHARID, MOVID) VALUES (107,31,10);
INSERT INTO MOVIESCHARACTERSconnector (CONNID, CHARID, MOVID) VALUES (108,31,13);
INSERT INTO MOVIESCHARACTERSconnector (CONNID, CHARID, MOVID) VALUES (109,31,14);

INSERT INTO MOVIESCHARACTERSconnector (CONNID, CHARID, MOVID) VALUES (110,32,17);

INSERT INTO MOVIESCHARACTERSconnector (CONNID, CHARID, MOVID) VALUES (111,33,17);

INSERT INTO MOVIESCHARACTERSconnector (CONNID, CHARID, MOVID) VALUES (112,34,20);

INSERT INTO MOVIESCHARACTERSconnector (CONNID, CHARID, MOVID) VALUES (113,35,19);
INSERT INTO MOVIESCHARACTERSconnector (CONNID, CHARID, MOVID) VALUES (114,35,7);
INSERT INTO MOVIESCHARACTERSconnector (CONNID, CHARID, MOVID) VALUES (115,35,13);
INSERT INTO MOVIESCHARACTERSconnector (CONNID, CHARID, MOVID) VALUES (116,35,14);

INSERT INTO MOVIESCHARACTERSconnector (CONNID, CHARID, MOVID) VALUES (117,36,19);

INSERT INTO MOVIESCHARACTERSconnector (CONNID, CHARID, MOVID) VALUES (118,37,10);
INSERT INTO MOVIESCHARACTERSconnector (CONNID, CHARID, MOVID) VALUES (119,37,20);
INSERT INTO MOVIESCHARACTERSconnector (CONNID, CHARID, MOVID) VALUES (120,37,13);
INSERT INTO MOVIESCHARACTERSconnector (CONNID, CHARID, MOVID) VALUES (121,37,14);

INSERT INTO MOVIESCHARACTERSconnector (CONNID, CHARID, MOVID) VALUES (122,38,20);

INSERT INTO MOVIESCHARACTERSconnector (CONNID, CHARID, MOVID) VALUES (123,39,21);
INSERT INTO MOVIESCHARACTERSconnector (CONNID, CHARID, MOVID) VALUES (124,39,10);
INSERT INTO MOVIESCHARACTERSconnector (CONNID, CHARID, MOVID) VALUES (125,39,13);
INSERT INTO MOVIESCHARACTERSconnector (CONNID, CHARID, MOVID) VALUES (126,39,14);

INSERT INTO MOVIESCHARACTERSconnector (CONNID, CHARID, MOVID) VALUES (127,40,21);

INSERT INTO MOVIESCHARACTERSconnector (CONNID, CHARID, MOVID) VALUES (128,41,15);
INSERT INTO MOVIESCHARACTERSconnector (CONNID, CHARID, MOVID) VALUES (129,41,16);
INSERT INTO MOVIESCHARACTERSconnector (CONNID, CHARID, MOVID) VALUES (130,41,17);

SET IDENTITY_INSERT MOVIESCHARACTERSconnector OFF;